"","seqnames","start","end","width","strand","score","genotype","ref","alt","U","M"
"rs3936238","chr1",4031586,4031586,1,"*",3,"A:A","A","G","G","A"
"rs877309","chr1",11412265,11412265,1,"*",2,"A:G","A","G","A","G"
"rs213028","chr1",21524764,21524764,1,"*",2,"C:T","C","T","C","T"
"rs11249206","chr1",25150569,25150569,1,"*",1,"T:T","C","T","T","C"
"rs654498","chr1",81945636,81945636,1,"*",1,"C:C","C","T","C","T"
"rs715359","chr1",175697791,175697791,1,"*",1,"C:C","T","C","C","T"
"rs2804694","chr1",179598456,179598456,1,"*",1,"A:A","G","A","A","G"
"rs6426327","chr1",244156434,244156434,1,"*",1,"A:A","G","A","A","G"
"rs966367","chr2",12065671,12065671,1,"*",3,"C:C","C","T","T","C"
"rs4331560","chr2",48938177,48938177,1,"*",3,"G:G","A","G","A","G"
"rs1510480","chr2",60678945,60678945,1,"*",2,"A:G","G","A","A","G"
"rs6546473","chr2",69113861,69113861,1,"*",1,"A:A","A","G","A","G"
"rs264581","chr2",159679609,159679609,1,"*",1,"A:A","A","G","A","G"
"rs939290","chr3",14633870,14633870,1,"*",3,"C:C","T","C","T","C"
"rs9839873","chr3",86744845,86744845,1,"*",3,"C:C","T","C","T","C"
"rs1520670","chr3",100455616,100455616,1,"*",3,"A:A","A","G","G","A"
"rs10936224","chr3",162385225,162385225,1,"*",2,"A:G","G","A",NA,NA
"rs10033147","chr4",13966228,13966228,1,"*",1,NA,"A","G",NA,NA
"rs2125573","chr4",128827282,128827282,1,"*",2,"T:C","T","C",NA,NA
"rs7660805","chr4",131263500,131263500,1,"*",1,"A:A","G","A","A","G"
"rs9292570","chr5",35036069,35036069,1,"*",3,"C:C","T","C","T","C"
"rs348937","chr5",112853576,112853576,1,"*",1,"T:T","C","T","T","C"
"rs1019916","chr5",146628552,146628552,1,"*",2,"G:A","G","A",NA,NA
"rs7746156","chr6",47238778,47238778,1,"*",2,"C:T","T","C",NA,NA
"rs9363764","chr6",68288763,68288763,1,"*",2,"G:A","G","A",NA,NA
"rs10457834","chr6",149084493,149084493,1,"*",3,"C:C","T","C","T","C"
"rs6982811","chr8",36666471,36666471,1,"*",1,NA,"T","C",NA,NA
"rs1484127","chr8",51888207,51888207,1,"*",1,"A:A","G","A","A","G"
"rs6471533","chr8",96539476,96539476,1,"*",2,"G:A","G","A",NA,NA
"rs472920","chr8",96917920,96917920,1,"*",1,NA,"A","G",NA,NA
"rs6991394","chr8",121851583,121851583,1,"*",3,NA,"C","T",NA,NA
"rs2385226","chr8",126751178,126751178,1,"*",2,"T:C","C","T",NA,NA
"rs4742386","chr9",7701758,7701758,1,"*",1,NA,"A","G",NA,NA
"rs1040870","chr9",84605357,84605357,1,"*",2,"T:C","C","T",NA,NA
"rs10796216","chr10",14731895,14731895,1,"*",3,"A:A","A","G","G","A"
"rs10882854","chr10",98629087,98629087,1,"*",1,"C:C","T","C","C","T"
"rs11034952","chr11",38745191,38745191,1,"*",2,"C:T","T","C","C","T"
"rs1945975","chr11",104804934,104804934,1,"*",2,"T:C","C","A","A","C"
"rs2468330","chr12",41484989,41484989,1,"*",2,"A:G","G","A","A","G"
"rs1495031","chr12",61784403,61784403,1,"*",2,"T:C","C","T","T","C"
"rs951295","chr15",43787115,43787115,1,"*",1,"G:G","A","G","G","A"
"rs2959823","chr15",74200584,74200584,1,"*",2,"A:G","G","A","A","G"
"rs1510189","chr16",54658025,54658025,1,"*",1,"T:T","T","C","T","C"
"rs1941955","chr18",33416836,33416836,1,"*",1,"T:T","T","C","T","C"
"rs2235751","chr20",1917934,1917934,1,"*",2,"A:G","A","G","A","G"
"rs845016","chr21",32920155,32920155,1,"*",3,"C:C","C","T","T","C"
"rs2032088","chr21",37399200,37399200,1,"*",1,"A:A","G","A","A","G"
"rs1467387","chr22",24261372,24261372,1,"*",2,"T:C","T","C","T","C"
"rs133860","chr22",24474760,24474760,1,"*",2,"T:C","C","T","T","C"
"rs739259","chr22",25686579,25686579,1,"*",2,"A:G","A","G","A","G"
"rs2857639","chr22",28385674,28385674,1,"*",2,"A:G","A","G","A","G"
"rs2208123","chr22",46593476,46593476,1,"*",3,"A:A","A","G","G","A"
"rs2521373","chrX",9436990,9436990,1,"*",2,"A:G","A","G",NA,NA
"rs798149","chrX",15795352,15795352,1,"*",3,"G:G","A","G","A","G"
"rs5926356","chrX",28157252,28157252,1,"*",2,"A:G","A","G",NA,NA
"rs5987737","chrX",114616977,114616977,1,"*",1,NA,"T","C",NA,NA
"rs1416770","chrX",145026857,145026857,1,"*",2,"T:C","T","C",NA,NA
"rs6626309","chrX",147012065,147012065,1,"*",3,NA,"C","T",NA,NA
